{
    "model": "CarouselSection",
    "presets": [
        {
            "label": "Feature carousel, tabs",
            "locale": null,
            "data": {
                "title": null,
                "subtitle": null,
                "items": [
                    {
                        "title": "Social Media Management",
                        "tagline": "Feature 1",
                        "subtitle": "Increase your reach",
                        "text": "Sed ut perspiciatis unde omnis iste natus error sit voluptatem accusantium doloremque laudantium, totam rem aperiam, eaque ipsa quae. explicabo.",
                        "image": {
                            "url": "/images/img-placeholder.svg",
                            "altText": "Featured item",
                            "elementId": null,
                            "styles": {
                                "self": {
                                    "borderRadius": "medium"
                                }
                            },
                            "$$type": "ImageBlock"
                        },
                        "actions": [],
                        "elementId": null,
                        "colors": "bg-neutralAlt-fg-dark",
                        "styles": {
                            "self": {
                                "padding": [
                                    "pt-9",
                                    "pb-9",
                                    "pl-9",
                                    "pr-9"
                                ],
                                "textAlign": "left",
                                "borderRadius": "large",
                                "flexDirection": "row",
                                "justifyContent": "center"
                            }
                        },
                        "$$type": "FeaturedItem"
                    },
                    {
                        "title": "Business Consulting",
                        "tagline": "Feature 2",
                        "subtitle": "Be in good company",
                        "text": "Sed ut perspiciatis unde omnis iste natus error sit voluptatem accusantium doloremque laudantium, totam rem aperiam, eaque ipsa quae. explicabo.",
                        "image": {
                            "url": "/images/img-placeholder.svg",
                            "altText": "Business consulting",
                            "elementId": "",
                            "styles": {
                                "self": {
                                    "borderRadius": "medium"
                                }
                            },
                            "$$type": "ImageBlock"
                        },
                        "actions": [],
                        "elementId": null,
                        "colors": "bg-dark-fg-light",
                        "styles": {
                            "self": {
                                "padding": [
                                    "pt-9",
                                    "pb-9",
                                    "pl-9",
                                    "pr-9"
                                ],
                                "textAlign": "left",
                                "borderRadius": "large",
                                "flexDirection": "row",
                                "justifyContent": "center"
                            }
                        },
                        "$$type": "FeaturedItem"
                    }
                ],
                "badge": null,
                "elementId": null,
                "variant": "tabs-nav",
                "colors": "bg-light-fg-dark",
                "backgroundImage": null,
                "styles": {
                    "self": {
                        "justifyContent": "center"
                    },
                    "subtitle": {
                        "textAlign": "center"
                    }
                }
            },
            "thumbnail": "images/carousel-section-feature-carousel-tabs-ec48.png"
        }
    ]
}
