{
    "model": "FeaturedItemsSection",
    "presets": [
        {
            "label": "Featured items, expandable list",
            "locale": null,
            "data": {
                "title": {
                    "text": "Open positions",
                    "color": "text-dark",
                    "styles": {
                        "self": {
                            "textAlign": "center"
                        }
                    },
                    "$$type": "TitleBlock"
                },
                "subtitle": "Subtitle goes here",
                "items": [
                    {
                        "title": "Account Executive",
                        "tagline": null,
                        "subtitle": "Sales",
                        "text": "Sed ut perspiciatis unde omnis iste natus error sit voluptatem accusantium doloremque laudantium, totam rem aperiam, eaque ipsa quae. explicabo.",
                        "image": null,
                        "actions": [],
                        "elementId": null,
                        "colors": "bg-neutral-fg-dark",
                        "styles": {
                            "self": {
                                "padding": [
                                    "pt-8",
                                    "pl-8",
                                    "pb-8",
                                    "pr-8"
                                ],
                                "textAlign": "left",
                                "borderRadius": "x-large",
                                "flexDirection": "row",
                                "justifyContent": "center"
                            }
                        },
                        "$$type": "FeaturedItem"
                    },
                    {
                        "title": "Open Source Engineer",
                        "tagline": null,
                        "subtitle": "Marketing",
                        "text": "Sed ut perspiciatis unde omnis iste natus error sit voluptatem accusantium doloremque laudantium, totam rem aperiam, eaque ipsa quae. explicabo.",
                        "image": null,
                        "actions": [],
                        "elementId": null,
                        "colors": "bg-neutral-fg-dark",
                        "styles": {
                            "self": {
                                "padding": [
                                    "pt-8",
                                    "pl-8",
                                    "pb-8",
                                    "pr-8"
                                ],
                                "textAlign": "left",
                                "borderRadius": "x-large",
                                "flexDirection": "row",
                                "justifyContent": "center"
                            }
                        },
                        "$$type": "FeaturedItem"
                    },
                    {
                        "title": "Senior Software Engineer",
                        "tagline": null,
                        "subtitle": "Engineering",
                        "text": "Sed ut perspiciatis unde omnis iste natus error sit voluptatem accusantium doloremque laudantium, totam rem aperiam, eaque ipsa quae. explicabo.",
                        "image": null,
                        "actions": [],
                        "elementId": null,
                        "colors": "bg-neutral-fg-dark",
                        "styles": {
                            "self": {
                                "padding": [
                                    "pt-8",
                                    "pl-8",
                                    "pb-8",
                                    "pr-8"
                                ],
                                "borderRadius": "x-large",
                                "flexDirection": "row"
                            }
                        },
                        "$$type": "FeaturedItem"
                    }
                ],
                "actions": [
                    {
                        "label": "Apply now",
                        "altText": null,
                        "url": "/",
                        "showIcon": null,
                        "icon": "arrowRight",
                        "iconPosition": "right",
                        "style": "primary",
                        "elementId": null,
                        "$$type": "Button"
                    }
                ],
                "badge": null,
                "elementId": null,
                "variant": "toggle-list",
                "colors": "bg-light-fg-dark",
                "backgroundImage": null,
                "styles": {
                    "self": {
                        "padding": [
                            "pb-40",
                            "pt-16",
                            "pl-3",
                            "pr-3"
                        ],
                        "justifyContent": "center"
                    },
                    "subtitle": {
                        "textAlign": "center"
                    }
                }
            },
            "thumbnail": "images/featured-items-section-featured-items-expandable-list-73c6.png"
        }
    ]
}
