{
    "model": "FeaturedPostsSection",
    "presets": [
        {
            "label": "Featured posts, big list",
            "locale": null,
            "data": {
                "title": {
                    "text": "Featured posts",
                    "color": "text-dark",
                    "styles": {
                        "self": {
                            "textAlign": "center"
                        }
                    },
                    "$$type": "TitleBlock"
                },
                "subtitle": null,
                "posts": [
                    {
                        "$$ref": "content/pages/blog/how-to-write-a-blog-post-that-will-get-you-more-traffic.md",
                        "$$type": "PostLayout"
                    },
                    {
                        "$$ref": "content/pages/blog/five-tips-for-starting-a-startup.md",
                        "$$type": "PostLayout"
                    },
                    {
                        "$$ref": "content/pages/blog/what-is-a-design-system.md",
                        "$$type": "PostLayout"
                    }
                ],
                "showThumbnail": true,
                "showExcerpt": true,
                "showDate": true,
                "showAuthor": true,
                "actions": [],
                "badge": null,
                "elementId": "",
                "variant": "big-list",
                "colors": "bg-light-fg-dark",
                "backgroundImage": null,
                "styles": {
                    "self": {
                        "padding": [
                            "pt-16",
                            "pl-16",
                            "pb-16",
                            "pr-16"
                        ],
                        "justifyContent": "center"
                    }
                }
            },
            "thumbnail": "images/featured-posts-section-featured-posts-big-list-58e6.png"
        }
    ]
}
