{
    "model": "FeaturedItem",
    "presets": [
        {
            "label": "Card, small image",
            "locale": null,
            "data": {
                "title": "500k",
                "tagline": null,
                "subtitle": "Numbers Done",
                "text": "Sed ut perspiciatis unde omnis iste natus error sit voluptatem accusantium doloremque laudantium, totam rem aperiam, eaque ipsa quae. explicabo.",
                "image": {
                    "url": "/images/icon1.svg",
                    "altText": "Placeholder text",
                    "elementId": "",
                    "styles": {
                        "self": {
                            "borderRadius": "x-large"
                        }
                    },
                    "$$type": "ImageBlock"
                },
                "actions": [],
                "elementId": null,
                "colors": "bg-neutralAlt-fg-dark",
                "styles": {
                    "self": {
                        "padding": [
                            "pt-8",
                            "pl-8",
                            "pb-8",
                            "pr-8"
                        ],
                        "borderRadius": "x-large",
                        "flexDirection": "row",
                        "justifyContent": "center",
                        "textAlign": "left"
                    }
                }
            },
            "thumbnail": "images/featured-item-card-small-image-488e.png"
        }
    ]
}
