{
    "model": "FeaturedItem",
    "presets": [
        {
            "label": "Expandable item",
            "locale": null,
            "data": {
                "title": "Account Executive",
                "tagline": null,
                "subtitle": "Sales",
                "text": "Sed ut perspiciatis unde omnis iste natus error sit voluptatem accusantium doloremque laudantium, totam rem aperiam, eaque ipsa quae. explicabo.",
                "image": null,
                "actions": [],
                "elementId": null,
                "colors": "bg-neutral-fg-dark",
                "styles": {
                    "self": {
                        "padding": [
                            "pt-8",
                            "pl-8",
                            "pb-8",
                            "pr-8"
                        ],
                        "textAlign": "left",
                        "borderRadius": "x-large",
                        "flexDirection": "row",
                        "justifyContent": "center"
                    }
                }
            },
            "thumbnail": "images/featured-item-expandable-item-c432.png"
        }
    ]
}
