{
    "model": "FeaturedItem",
    "srcProjectId": "stackbit-projects/cool-olive-b21b7",
    "presets": [
        {
            "label": "Testimonial carousel item",
            "locale": null,
            "data": {
                "title": "“A designer knows he has achieved perfection not when there is nothing left to add, but when there is nothing left to take away.”",
                "tagline": "Testimonial 1",
                "subtitle": "Maria Walters, Company",
                "text": "Sed ut perspiciatis unde omnis iste natus error sit voluptatem accusantium doloremque laudantium, totam rem aperiam, eaque ipsa quae. explicabo.",
                "image": {
                    "url": "/images/person-placeholder-light.png",
                    "altText": "Maria Walters",
                    "elementId": null,
                    "styles": {
                        "self": {
                            "borderRadius": "full"
                        }
                    },
                    "$$type": "ImageBlock"
                },
                "actions": [],
                "elementId": null,
                "colors": "bg-neutralAlt-fg-dark",
                "styles": {
                    "self": {
                        "padding": [
                            "pt-9",
                            "pb-9",
                            "pl-9",
                            "pr-9"
                        ],
                        "textAlign": "left",
                        "borderRadius": "large",
                        "flexDirection": "row",
                        "justifyContent": "center"
                    }
                }
            },
            "thumbnail": "images/featured-item-testimonial-carousel-item-d425.png"
        }
    ]
}
