{
  "model": "FooterLinksGroup",
  "presets": [
    {
      "label": "company",
      "thumbnail": "images/footer-links-group-company-ca84.png",
      "data": {
        "title": "Company",
        "links": [
          {
            "label": "About",
            "altText": "",
            "url": "/",
            "showIcon": false,
            "icon": "arrowRight",
            "iconPosition": "right",
            "style": "secondary",
            "elementId": "",
            "$$type": "Link"
          },
          {
            "label": "Blog",
            "altText": "",
            "url": "/blog",
            "showIcon": false,
            "icon": "arrowRight",
            "iconPosition": "right",
            "style": "secondary",
            "elementId": "",
            "$$type": "Link"
          }
        ],
        "styles": null
      }
    }
  ]
}