{
    "model": "FormBlock",
    "presets": [
        {
            "label": "Form block",
            "locale": null,
            "data": {
                "fields": [
                    {
                        "name": "name",
                        "label": "Name",
                        "hideLabel": true,
                        "placeholder": "Your name",
                        "isRequired": true,
                        "width": "full",
                        "$$type": "TextFormControl"
                    },
                    {
                        "name": "email",
                        "label": "Email",
                        "hideLabel": true,
                        "placeholder": "Your email",
                        "isRequired": true,
                        "width": "full",
                        "$$type": "EmailFormControl"
                    },
                    {
                        "name": "message",
                        "label": "Message",
                        "hideLabel": true,
                        "placeholder": "Your message",
                        "isRequired": null,
                        "width": "full",
                        "$$type": "TextareaFormControl"
                    }
                ],
                "submitButton": {
                    "label": "Submit",
                    "showIcon": false,
                    "icon": "arrowRight",
                    "iconPosition": "right",
                    "style": "primary",
                    "elementId": null,
                    "$$type": "SubmitButtonFormControl"
                },
                "elementId": "contact-form",
                "styles": {
                    "self": {
                        "padding": ["pt-6", "pb-6", "pl-6", "pr-6"],
                        "borderColor": "border-dark",
                        "borderStyle": "solid",
                        "borderWidth": 1,
                        "borderRadius": "large"
                    }
                }
            },
            "thumbnail": "images/form-block-form-block-a081.png"
        }
    ]
}
