{
    "model": "GenericSection",
    "presets": [
        {
            "label": "Generic section with video",
            "locale": null,
            "data": {
                "title": {
                    "text": "Generic section with a video",
                    "color": "text-dark",
                    "styles": {
                        "self": {
                            "textAlign": "left"
                        }
                    },
                    "$$type": "TitleBlock"
                },
                "subtitle": "Section with a video subtitle",
                "text": "Aenean eros ipsum, interdum quis dignissim non, sollicitudin vitae nisl.\nAenean vel aliquet elit, at blandit ipsum. Sed eleifend felis sit amet\nerat molestie, hendrerit malesuada justo ultrices. Nunc volutpat at erat\nvitae interdum. Ut nec massa eget lorem blandit condimentum et at risus.",
                "actions": [],
                "media": {
                    "title": "Title of the video",
                    "url": "/images/placeholder-video.mp4",
                    "autoplay": true,
                    "loop": true,
                    "muted": true,
                    "controls": false,
                    "aspectRatio": "16:9",
                    "elementId": null,
                    "styles": {
                        "self": {
                            "padding": [
                                "pt-2",
                                "pb-2",
                                "pl-2",
                                "pr-2"
                            ],
                            "borderColor": "border-dark",
                            "borderStyle": "solid",
                            "borderWidth": 1,
                            "borderRadius": "large"
                        }
                    },
                    "$$type": "VideoBlock"
                },
                "badge": null,
                "elementId": null,
                "colors": "bg-light-fg-dark",
                "backgroundImage": null,
                "styles": {
                    "self": {
                        "flexDirection": "row",
                        "justifyContent": "center"
                    },
                    "subtitle": {
                        "textAlign": "left"
                    }
                }
            },
            "thumbnail": "images/generic-section-generic-section-with-video-a138.png"
        }
    ]
}
