{
    "model": "PageLayout",
    "presets": [
        {
            "label": "Careers",
            "locale": null,
            "data": {
                "title": "Careers",
                "slug": "careers",
                "sections": [
                    {
                        "title": {
                            "text": "A team that works closely together",
                            "color": "text-dark",
                            "styles": {
                                "self": {
                                    "textAlign": "center"
                                }
                            },
                            "$$type": "TitleBlock"
                        },
                        "subtitle": "Section subtitle",
                        "text": "There are many variations of passages of Lorem Ipsum available, but the majority have suffered alteration in some form, by injected humour, or randomised words which don't look even slightly believable. If you are going to use a passage of Lorem Ipsum, you need to be sure there isn't anything embarrassing hidden in the middle of text.\n",
                        "actions": [
                            {
                                "label": "See open positions",
                                "altText": null,
                                "url": "/",
                                "showIcon": null,
                                "icon": "arrowRight",
                                "iconPosition": "right",
                                "style": "primary",
                                "elementId": null,
                                "$$type": "Button"
                            }
                        ],
                        "media": null,
                        "badge": null,
                        "elementId": null,
                        "colors": "bg-neutral-fg-dark",
                        "backgroundImage": {
                            "url": "/images/abstract-background.svg",
                            "altText": "Placeholder image",
                            "backgroundSize": "cover",
                            "backgroundPosition": "center",
                            "backgroundRepeat": "no-repeat",
                            "opacity": 100,
                            "$$type": "BackgroundImage"
                        },
                        "styles": {
                            "self": {
                                "padding": [
                                    "pt-40",
                                    "pl-4",
                                    "pb-40",
                                    "pr-4"
                                ],
                                "alignItems": "center",
                                "flexDirection": "row-reverse",
                                "justifyContent": "center"
                            },
                            "text": {
                                "textAlign": "center"
                            },
                            "subtitle": {
                                "textAlign": "center"
                            }
                        },
                        "$$type": "GenericSection"
                    },
                    {
                        "title": {
                            "text": "Meet the team",
                            "color": "text-dark",
                            "styles": {
                                "self": {
                                    "textAlign": "center"
                                }
                            },
                            "$$type": "TitleBlock"
                        },
                        "subtitle": null,
                        "people": [
                            {
                                "$$ref": "content/data/person1.json",
                                "$$type": "Person"
                            },
                            {
                                "$$ref": "content/data/person2.json",
                                "$$type": "Person"
                            },
                            {
                                "$$ref": "content/data/person3.json",
                                "$$type": "Person"
                            },
                            {
                                "$$ref": "content/data/person4.json",
                                "$$type": "Person"
                            },
                            {
                                "$$ref": "content/data/person5.json",
                                "$$type": "Person"
                            },
                            {
                                "$$ref": "content/data/person6.json",
                                "$$type": "Person"
                            }
                        ],
                        "actions": [],
                        "badge": null,
                        "elementId": null,
                        "variant": "three-col-grid",
                        "colors": "bg-light-fg-dark",
                        "backgroundImage": null,
                        "styles": {
                            "self": {
                                "padding": [
                                    "pt-16",
                                    "pl-16",
                                    "pb-16",
                                    "pr-16"
                                ],
                                "justifyContent": "center"
                            },
                            "subtitle": {
                                "textAlign": "center"
                            }
                        },
                        "$$type": "FeaturedPeopleSection"
                    },
                    {
                        "title": {
                            "text": "Open positions",
                            "color": "text-dark",
                            "styles": {
                                "self": {
                                    "textAlign": "center"
                                }
                            },
                            "$$type": "TitleBlock"
                        },
                        "subtitle": "Subtitle goes here",
                        "items": [
                            {
                                "title": "Account Executive",
                                "tagline": null,
                                "subtitle": "Sales",
                                "text": "Sed ut perspiciatis unde omnis iste natus error sit voluptatem accusantium doloremque laudantium, totam rem aperiam, eaque ipsa quae. explicabo.",
                                "image": null,
                                "actions": [],
                                "elementId": null,
                                "colors": "bg-neutral-fg-dark",
                                "styles": {
                                    "self": {
                                        "padding": [
                                            "pt-8",
                                            "pl-8",
                                            "pb-8",
                                            "pr-8"
                                        ],
                                        "textAlign": "left",
                                        "borderRadius": "x-large",
                                        "flexDirection": "row",
                                        "justifyContent": "center"
                                    }
                                },
                                "$$type": "FeaturedItem"
                            },
                            {
                                "title": "Open Source Engineer",
                                "tagline": null,
                                "subtitle": "Marketing",
                                "text": "Sed ut perspiciatis unde omnis iste natus error sit voluptatem accusantium doloremque laudantium, totam rem aperiam, eaque ipsa quae. explicabo.",
                                "image": null,
                                "actions": [],
                                "elementId": null,
                                "colors": "bg-neutral-fg-dark",
                                "styles": {
                                    "self": {
                                        "padding": [
                                            "pt-8",
                                            "pl-8",
                                            "pb-8",
                                            "pr-8"
                                        ],
                                        "textAlign": "left",
                                        "borderRadius": "x-large",
                                        "flexDirection": "row",
                                        "justifyContent": "center"
                                    }
                                },
                                "$$type": "FeaturedItem"
                            },
                            {
                                "title": "Senior Software Engineer",
                                "tagline": null,
                                "subtitle": "Engineering",
                                "text": "Sed ut perspiciatis unde omnis iste natus error sit voluptatem accusantium doloremque laudantium, totam rem aperiam, eaque ipsa quae. explicabo.",
                                "image": null,
                                "actions": [],
                                "elementId": null,
                                "colors": "bg-neutral-fg-dark",
                                "styles": {
                                    "self": {
                                        "padding": [
                                            "pt-8",
                                            "pl-8",
                                            "pb-8",
                                            "pr-8"
                                        ],
                                        "borderRadius": "x-large",
                                        "flexDirection": "row"
                                    }
                                },
                                "$$type": "FeaturedItem"
                            }
                        ],
                        "actions": [
                            {
                                "label": "Apply now",
                                "altText": null,
                                "url": "/",
                                "showIcon": null,
                                "icon": "arrowRight",
                                "iconPosition": "right",
                                "style": "primary",
                                "elementId": null,
                                "$$type": "Button"
                            }
                        ],
                        "badge": null,
                        "elementId": null,
                        "variant": "toggle-list",
                        "colors": "bg-light-fg-dark",
                        "backgroundImage": null,
                        "styles": {
                            "self": {
                                "padding": [
                                    "pb-40",
                                    "pt-16",
                                    "pl-3",
                                    "pr-3"
                                ],
                                "justifyContent": "center"
                            },
                            "subtitle": {
                                "textAlign": "center"
                            }
                        },
                        "$$type": "FeaturedItemsSection"
                    }
                ],
                "isDraft": null,
                "seo": {
                    "metaTitle": "Careers - Demo site",
                    "metaDescription": "This is the careers page built with Netlify.",
                    "addTitleSuffix": null,
                    "metaTags": [],
                    "$$type": "Seo"
                },
                "markdown_content": ""
            },
            "thumbnail": "images/page-layout-careers-c1de.png"
        }
    ]
}
